"Source path before the run","Source path after the run","Parent of the recipe that made changes","Recipe that made changes","Estimated time saving","Cycle"
"The source path of the file before the run. `null` when a source file was created during the run.","A recipe may modify the source path. This is the path after the run. `null` when a source file was deleted during the run.","In a hierarchical recipe, the parent of the recipe that made a change. Empty if this is the root of a hierarchy or if the recipe is not hierarchical at all.","The specific recipe that made a change.","An estimated effort that a developer to fix manually instead of using this recipe, in unit of seconds.","The recipe cycle in which the change was made."
"pom.xml","pom.xml","org.openrewrite.java.spring.boot2.UpgradeSpringBoot_2_4","org.openrewrite.maven.RemoveExclusion","300","1"
"pom.xml","pom.xml","org.openrewrite.java.spring.boot2.UpgradeSpringBoot_2_5","org.openrewrite.java.spring.boot2.UpgradeSpringBoot_2_4","300","1"
"pom.xml","pom.xml","org.openrewrite.java.spring.boot2.UpgradeSpringBoot_2_6","org.openrewrite.java.spring.boot2.UpgradeSpringBoot_2_5","300","1"
"pom.xml","pom.xml","org.openrewrite.java.spring.boot2.UpgradeSpringBoot_2_7","org.openrewrite.java.spring.boot2.UpgradeSpringBoot_2_6","300","1"
"pom.xml","pom.xml","org.openrewrite.java.spring.boot3.UpgradeSpringBoot_3_0","org.openrewrite.java.spring.boot2.UpgradeSpringBoot_2_7","300","1"
"pom.xml","pom.xml","org.openrewrite.java.spring.boot3.UpgradeSpringBoot_3_1","org.openrewrite.java.spring.boot3.UpgradeSpringBoot_3_0","300","1"
"pom.xml","pom.xml","","org.openrewrite.java.spring.boot3.UpgradeSpringBoot_3_1","300","1"
"pom.xml","pom.xml","org.openrewrite.java.spring.boot2.UpgradeSpringBoot_2_5","org.openrewrite.java.dependencies.ChangeDependency","300","1"
"pom.xml","pom.xml","org.openrewrite.java.spring.boot2.UpgradeSpringBoot_2_6","org.openrewrite.java.spring.boot2.UpgradeSpringBoot_2_5","300","1"
"pom.xml","pom.xml","org.openrewrite.java.spring.boot2.UpgradeSpringBoot_2_7","org.openrewrite.java.spring.boot2.UpgradeSpringBoot_2_6","300","1"
"pom.xml","pom.xml","org.openrewrite.java.spring.boot3.UpgradeSpringBoot_3_0","org.openrewrite.java.spring.boot2.UpgradeSpringBoot_2_7","300","1"
"pom.xml","pom.xml","org.openrewrite.java.spring.boot3.UpgradeSpringBoot_3_1","org.openrewrite.java.spring.boot3.UpgradeSpringBoot_3_0","300","1"
"pom.xml","pom.xml","","org.openrewrite.java.spring.boot3.UpgradeSpringBoot_3_1","300","1"
"pom.xml","pom.xml","org.openrewrite.java.spring.boot2.UpgradeSpringBoot_2_7","org.openrewrite.maven.UpgradeParentVersion","300","1"
"pom.xml","pom.xml","org.openrewrite.java.spring.boot3.UpgradeSpringBoot_3_0","org.openrewrite.java.spring.boot2.UpgradeSpringBoot_2_7","300","1"
"pom.xml","pom.xml","org.openrewrite.java.spring.boot3.UpgradeSpringBoot_3_1","org.openrewrite.java.spring.boot3.UpgradeSpringBoot_3_0","300","1"
"pom.xml","pom.xml","","org.openrewrite.java.spring.boot3.UpgradeSpringBoot_3_1","300","1"
"pom.xml","pom.xml","org.openrewrite.java.migrate.UpgradeJavaVersion","org.openrewrite.java.migrate.maven.UpdateMavenProjectPropertyJavaVersion","300","1"
"pom.xml","pom.xml","org.openrewrite.java.migrate.UpgradeBuildToJava11","org.openrewrite.java.migrate.UpgradeJavaVersion","300","1"
"pom.xml","pom.xml","org.openrewrite.java.migrate.Java8toJava11","org.openrewrite.java.migrate.UpgradeBuildToJava11","300","1"
"pom.xml","pom.xml","org.openrewrite.java.migrate.UpgradeToJava17","org.openrewrite.java.migrate.Java8toJava11","300","1"
"pom.xml","pom.xml","org.openrewrite.java.spring.boot3.UpgradeSpringBoot_3_0","org.openrewrite.java.migrate.UpgradeToJava17","300","1"
"pom.xml","pom.xml","org.openrewrite.java.spring.boot3.UpgradeSpringBoot_3_1","org.openrewrite.java.spring.boot3.UpgradeSpringBoot_3_0","300","1"
"pom.xml","pom.xml","","org.openrewrite.java.spring.boot3.UpgradeSpringBoot_3_1","300","1"
"pom.xml","pom.xml","org.openrewrite.java.migrate.UpgradeJavaVersion","org.openrewrite.java.migrate.maven.UpdateMavenProjectPropertyJavaVersion","300","1"
"pom.xml","pom.xml","org.openrewrite.java.migrate.UpgradeBuildToJava17","org.openrewrite.java.migrate.UpgradeJavaVersion","300","1"
"pom.xml","pom.xml","org.openrewrite.java.migrate.UpgradeToJava17","org.openrewrite.java.migrate.UpgradeBuildToJava17","300","1"
"pom.xml","pom.xml","org.openrewrite.java.spring.boot3.UpgradeSpringBoot_3_0","org.openrewrite.java.migrate.UpgradeToJava17","300","1"
"pom.xml","pom.xml","org.openrewrite.java.spring.boot3.UpgradeSpringBoot_3_1","org.openrewrite.java.spring.boot3.UpgradeSpringBoot_3_0","300","1"
"pom.xml","pom.xml","","org.openrewrite.java.spring.boot3.UpgradeSpringBoot_3_1","300","1"
"pom.xml","pom.xml","org.openrewrite.java.spring.boot3.UpgradeSpringBoot_3_0","org.openrewrite.maven.UpgradeParentVersion","300","1"
"pom.xml","pom.xml","org.openrewrite.java.spring.boot3.UpgradeSpringBoot_3_1","org.openrewrite.java.spring.boot3.UpgradeSpringBoot_3_0","300","1"
"pom.xml","pom.xml","","org.openrewrite.java.spring.boot3.UpgradeSpringBoot_3_1","300","1"
"pom.xml","pom.xml","org.openrewrite.java.spring.boot3.UpgradeSpringBoot_3_1","org.openrewrite.maven.UpgradeParentVersion","300","1"
"pom.xml","pom.xml","","org.openrewrite.java.spring.boot3.UpgradeSpringBoot_3_1","300","1"
"pom.xml","pom.xml","org.openrewrite.java.spring.boot3.UpgradeSpringBoot_3_2","org.openrewrite.maven.UpgradeParentVersion","300","1"
"src/main/java/com/javatechie/crud/example/dto/LoginDTO.java","src/main/java/com/javatechie/crud/example/dto/LoginDTO.java","org.openrewrite.java.migrate.UpgradeBuildToJava11","org.openrewrite.java.migrate.UpgradeJavaVersion","0","1"
"src/main/java/com/javatechie/crud/example/dto/LoginDTO.java","src/main/java/com/javatechie/crud/example/dto/LoginDTO.java","org.openrewrite.java.migrate.Java8toJava11","org.openrewrite.java.migrate.UpgradeBuildToJava11","0","1"
"src/main/java/com/javatechie/crud/example/dto/LoginDTO.java","src/main/java/com/javatechie/crud/example/dto/LoginDTO.java","org.openrewrite.java.migrate.UpgradeToJava17","org.openrewrite.java.migrate.Java8toJava11","0","1"
"src/main/java/com/javatechie/crud/example/dto/LoginDTO.java","src/main/java/com/javatechie/crud/example/dto/LoginDTO.java","org.openrewrite.java.spring.boot3.UpgradeSpringBoot_3_0","org.openrewrite.java.migrate.UpgradeToJava17","0","1"
"src/main/java/com/javatechie/crud/example/dto/LoginDTO.java","src/main/java/com/javatechie/crud/example/dto/LoginDTO.java","org.openrewrite.java.spring.boot3.UpgradeSpringBoot_3_1","org.openrewrite.java.spring.boot3.UpgradeSpringBoot_3_0","0","1"
"src/main/java/com/javatechie/crud/example/dto/LoginDTO.java","src/main/java/com/javatechie/crud/example/dto/LoginDTO.java","","org.openrewrite.java.spring.boot3.UpgradeSpringBoot_3_1","0","1"
"src/main/java/com/javatechie/crud/example/dto/LoginDTO.java","src/main/java/com/javatechie/crud/example/dto/LoginDTO.java","org.openrewrite.java.migrate.UpgradeBuildToJava17","org.openrewrite.java.migrate.UpgradeJavaVersion","0","1"
"src/main/java/com/javatechie/crud/example/dto/LoginDTO.java","src/main/java/com/javatechie/crud/example/dto/LoginDTO.java","org.openrewrite.java.migrate.UpgradeToJava17","org.openrewrite.java.migrate.UpgradeBuildToJava17","0","1"
"src/main/java/com/javatechie/crud/example/dto/LoginDTO.java","src/main/java/com/javatechie/crud/example/dto/LoginDTO.java","org.openrewrite.java.spring.boot3.UpgradeSpringBoot_3_0","org.openrewrite.java.migrate.UpgradeToJava17","0","1"
"src/main/java/com/javatechie/crud/example/dto/LoginDTO.java","src/main/java/com/javatechie/crud/example/dto/LoginDTO.java","org.openrewrite.java.spring.boot3.UpgradeSpringBoot_3_1","org.openrewrite.java.spring.boot3.UpgradeSpringBoot_3_0","0","1"
"src/main/java/com/javatechie/crud/example/dto/LoginDTO.java","src/main/java/com/javatechie/crud/example/dto/LoginDTO.java","","org.openrewrite.java.spring.boot3.UpgradeSpringBoot_3_1","0","1"
"src/main/java/com/javatechie/crud/example/repository/ProductRepository.java","src/main/java/com/javatechie/crud/example/repository/ProductRepository.java","org.openrewrite.java.migrate.UpgradeBuildToJava11","org.openrewrite.java.migrate.UpgradeJavaVersion","0","1"
"src/main/java/com/javatechie/crud/example/repository/ProductRepository.java","src/main/java/com/javatechie/crud/example/repository/ProductRepository.java","org.openrewrite.java.migrate.Java8toJava11","org.openrewrite.java.migrate.UpgradeBuildToJava11","0","1"
"src/main/java/com/javatechie/crud/example/repository/ProductRepository.java","src/main/java/com/javatechie/crud/example/repository/ProductRepository.java","org.openrewrite.java.migrate.UpgradeToJava17","org.openrewrite.java.migrate.Java8toJava11","0","1"
"src/main/java/com/javatechie/crud/example/repository/ProductRepository.java","src/main/java/com/javatechie/crud/example/repository/ProductRepository.java","org.openrewrite.java.spring.boot3.UpgradeSpringBoot_3_0","org.openrewrite.java.migrate.UpgradeToJava17","0","1"
"src/main/java/com/javatechie/crud/example/repository/ProductRepository.java","src/main/java/com/javatechie/crud/example/repository/ProductRepository.java","org.openrewrite.java.spring.boot3.UpgradeSpringBoot_3_1","org.openrewrite.java.spring.boot3.UpgradeSpringBoot_3_0","0","1"
"src/main/java/com/javatechie/crud/example/repository/ProductRepository.java","src/main/java/com/javatechie/crud/example/repository/ProductRepository.java","","org.openrewrite.java.spring.boot3.UpgradeSpringBoot_3_1","0","1"
"src/main/java/com/javatechie/crud/example/repository/ProductRepository.java","src/main/java/com/javatechie/crud/example/repository/ProductRepository.java","org.openrewrite.java.migrate.UpgradeBuildToJava17","org.openrewrite.java.migrate.UpgradeJavaVersion","0","1"
"src/main/java/com/javatechie/crud/example/repository/ProductRepository.java","src/main/java/com/javatechie/crud/example/repository/ProductRepository.java","org.openrewrite.java.migrate.UpgradeToJava17","org.openrewrite.java.migrate.UpgradeBuildToJava17","0","1"
"src/main/java/com/javatechie/crud/example/repository/ProductRepository.java","src/main/java/com/javatechie/crud/example/repository/ProductRepository.java","org.openrewrite.java.spring.boot3.UpgradeSpringBoot_3_0","org.openrewrite.java.migrate.UpgradeToJava17","0","1"
"src/main/java/com/javatechie/crud/example/repository/ProductRepository.java","src/main/java/com/javatechie/crud/example/repository/ProductRepository.java","org.openrewrite.java.spring.boot3.UpgradeSpringBoot_3_1","org.openrewrite.java.spring.boot3.UpgradeSpringBoot_3_0","0","1"
"src/main/java/com/javatechie/crud/example/repository/ProductRepository.java","src/main/java/com/javatechie/crud/example/repository/ProductRepository.java","","org.openrewrite.java.spring.boot3.UpgradeSpringBoot_3_1","0","1"
"src/main/java/com/javatechie/crud/example/config/CommonConfiguration.java","src/main/java/com/javatechie/crud/example/config/CommonConfiguration.java","org.openrewrite.java.migrate.UpgradeBuildToJava11","org.openrewrite.java.migrate.UpgradeJavaVersion","0","1"
"src/main/java/com/javatechie/crud/example/config/CommonConfiguration.java","src/main/java/com/javatechie/crud/example/config/CommonConfiguration.java","org.openrewrite.java.migrate.Java8toJava11","org.openrewrite.java.migrate.UpgradeBuildToJava11","0","1"
"src/main/java/com/javatechie/crud/example/config/CommonConfiguration.java","src/main/java/com/javatechie/crud/example/config/CommonConfiguration.java","org.openrewrite.java.migrate.UpgradeToJava17","org.openrewrite.java.migrate.Java8toJava11","0","1"
"src/main/java/com/javatechie/crud/example/config/CommonConfiguration.java","src/main/java/com/javatechie/crud/example/config/CommonConfiguration.java","org.openrewrite.java.spring.boot3.UpgradeSpringBoot_3_0","org.openrewrite.java.migrate.UpgradeToJava17","0","1"
"src/main/java/com/javatechie/crud/example/config/CommonConfiguration.java","src/main/java/com/javatechie/crud/example/config/CommonConfiguration.java","org.openrewrite.java.spring.boot3.UpgradeSpringBoot_3_1","org.openrewrite.java.spring.boot3.UpgradeSpringBoot_3_0","0","1"
"src/main/java/com/javatechie/crud/example/config/CommonConfiguration.java","src/main/java/com/javatechie/crud/example/config/CommonConfiguration.java","","org.openrewrite.java.spring.boot3.UpgradeSpringBoot_3_1","0","1"
"src/main/java/com/javatechie/crud/example/config/CommonConfiguration.java","src/main/java/com/javatechie/crud/example/config/CommonConfiguration.java","org.openrewrite.java.migrate.UpgradeBuildToJava17","org.openrewrite.java.migrate.UpgradeJavaVersion","0","1"
"src/main/java/com/javatechie/crud/example/config/CommonConfiguration.java","src/main/java/com/javatechie/crud/example/config/CommonConfiguration.java","org.openrewrite.java.migrate.UpgradeToJava17","org.openrewrite.java.migrate.UpgradeBuildToJava17","0","1"
"src/main/java/com/javatechie/crud/example/config/CommonConfiguration.java","src/main/java/com/javatechie/crud/example/config/CommonConfiguration.java","org.openrewrite.java.spring.boot3.UpgradeSpringBoot_3_0","org.openrewrite.java.migrate.UpgradeToJava17","0","1"
"src/main/java/com/javatechie/crud/example/config/CommonConfiguration.java","src/main/java/com/javatechie/crud/example/config/CommonConfiguration.java","org.openrewrite.java.spring.boot3.UpgradeSpringBoot_3_1","org.openrewrite.java.spring.boot3.UpgradeSpringBoot_3_0","0","1"
"src/main/java/com/javatechie/crud/example/config/CommonConfiguration.java","src/main/java/com/javatechie/crud/example/config/CommonConfiguration.java","","org.openrewrite.java.spring.boot3.UpgradeSpringBoot_3_1","0","1"
"src/main/java/com/javatechie/crud/example/config/SecurityConfiguration.java","src/main/java/com/javatechie/crud/example/config/SecurityConfiguration.java","org.openrewrite.java.spring.security5.UpgradeSpringSecurity_5_7","org.openrewrite.java.spring.security5.WebSecurityConfigurerAdapter","300","1"
"src/main/java/com/javatechie/crud/example/config/SecurityConfiguration.java","src/main/java/com/javatechie/crud/example/config/SecurityConfiguration.java","org.openrewrite.java.spring.boot2.UpgradeSpringBoot_2_7","org.openrewrite.java.spring.security5.UpgradeSpringSecurity_5_7","300","1"
"src/main/java/com/javatechie/crud/example/config/SecurityConfiguration.java","src/main/java/com/javatechie/crud/example/config/SecurityConfiguration.java","org.openrewrite.java.spring.boot3.UpgradeSpringBoot_3_0","org.openrewrite.java.spring.boot2.UpgradeSpringBoot_2_7","300","1"
"src/main/java/com/javatechie/crud/example/config/SecurityConfiguration.java","src/main/java/com/javatechie/crud/example/config/SecurityConfiguration.java","org.openrewrite.java.spring.boot3.UpgradeSpringBoot_3_1","org.openrewrite.java.spring.boot3.UpgradeSpringBoot_3_0","300","1"
"src/main/java/com/javatechie/crud/example/config/SecurityConfiguration.java","src/main/java/com/javatechie/crud/example/config/SecurityConfiguration.java","","org.openrewrite.java.spring.boot3.UpgradeSpringBoot_3_1","300","1"
"src/main/java/com/javatechie/crud/example/config/SecurityConfiguration.java","src/main/java/com/javatechie/crud/example/config/SecurityConfiguration.java","org.openrewrite.java.migrate.UpgradeBuildToJava11","org.openrewrite.java.migrate.UpgradeJavaVersion","0","1"
"src/main/java/com/javatechie/crud/example/config/SecurityConfiguration.java","src/main/java/com/javatechie/crud/example/config/SecurityConfiguration.java","org.openrewrite.java.migrate.Java8toJava11","org.openrewrite.java.migrate.UpgradeBuildToJava11","0","1"
"src/main/java/com/javatechie/crud/example/config/SecurityConfiguration.java","src/main/java/com/javatechie/crud/example/config/SecurityConfiguration.java","org.openrewrite.java.migrate.UpgradeToJava17","org.openrewrite.java.migrate.Java8toJava11","0","1"
"src/main/java/com/javatechie/crud/example/config/SecurityConfiguration.java","src/main/java/com/javatechie/crud/example/config/SecurityConfiguration.java","org.openrewrite.java.spring.boot3.UpgradeSpringBoot_3_0","org.openrewrite.java.migrate.UpgradeToJava17","0","1"
"src/main/java/com/javatechie/crud/example/config/SecurityConfiguration.java","src/main/java/com/javatechie/crud/example/config/SecurityConfiguration.java","org.openrewrite.java.spring.boot3.UpgradeSpringBoot_3_1","org.openrewrite.java.spring.boot3.UpgradeSpringBoot_3_0","0","1"
"src/main/java/com/javatechie/crud/example/config/SecurityConfiguration.java","src/main/java/com/javatechie/crud/example/config/SecurityConfiguration.java","","org.openrewrite.java.spring.boot3.UpgradeSpringBoot_3_1","0","1"
"src/main/java/com/javatechie/crud/example/config/SecurityConfiguration.java","src/main/java/com/javatechie/crud/example/config/SecurityConfiguration.java","org.openrewrite.java.migrate.UpgradeBuildToJava17","org.openrewrite.java.migrate.UpgradeJavaVersion","0","1"
"src/main/java/com/javatechie/crud/example/config/SecurityConfiguration.java","src/main/java/com/javatechie/crud/example/config/SecurityConfiguration.java","org.openrewrite.java.migrate.UpgradeToJava17","org.openrewrite.java.migrate.UpgradeBuildToJava17","0","1"
"src/main/java/com/javatechie/crud/example/config/SecurityConfiguration.java","src/main/java/com/javatechie/crud/example/config/SecurityConfiguration.java","org.openrewrite.java.spring.boot3.UpgradeSpringBoot_3_0","org.openrewrite.java.migrate.UpgradeToJava17","0","1"
"src/main/java/com/javatechie/crud/example/config/SecurityConfiguration.java","src/main/java/com/javatechie/crud/example/config/SecurityConfiguration.java","org.openrewrite.java.spring.boot3.UpgradeSpringBoot_3_1","org.openrewrite.java.spring.boot3.UpgradeSpringBoot_3_0","0","1"
"src/main/java/com/javatechie/crud/example/config/SecurityConfiguration.java","src/main/java/com/javatechie/crud/example/config/SecurityConfiguration.java","","org.openrewrite.java.spring.boot3.UpgradeSpringBoot_3_1","0","1"
"src/main/java/com/javatechie/crud/example/config/SecurityConfiguration.java","src/main/java/com/javatechie/crud/example/config/SecurityConfiguration.java","org.openrewrite.java.spring.security5.UpgradeSpringSecurity_5_8","org.openrewrite.java.spring.boot2.HttpSecurityLambdaDsl","300","1"
"src/main/java/com/javatechie/crud/example/config/SecurityConfiguration.java","src/main/java/com/javatechie/crud/example/config/SecurityConfiguration.java","org.openrewrite.java.spring.security6.UpgradeSpringSecurity_6_0","org.openrewrite.java.spring.security5.UpgradeSpringSecurity_5_8","300","1"
"src/main/java/com/javatechie/crud/example/config/SecurityConfiguration.java","src/main/java/com/javatechie/crud/example/config/SecurityConfiguration.java","org.openrewrite.java.spring.boot3.UpgradeSpringBoot_3_0","org.openrewrite.java.spring.security6.UpgradeSpringSecurity_6_0","300","1"
"src/main/java/com/javatechie/crud/example/config/SecurityConfiguration.java","src/main/java/com/javatechie/crud/example/config/SecurityConfiguration.java","org.openrewrite.java.spring.boot3.UpgradeSpringBoot_3_1","org.openrewrite.java.spring.boot3.UpgradeSpringBoot_3_0","300","1"
"src/main/java/com/javatechie/crud/example/config/SecurityConfiguration.java","src/main/java/com/javatechie/crud/example/config/SecurityConfiguration.java","","org.openrewrite.java.spring.boot3.UpgradeSpringBoot_3_1","300","1"
"src/main/java/com/javatechie/crud/example/config/SecurityConfiguration.java","src/main/java/com/javatechie/crud/example/config/SecurityConfiguration.java","org.openrewrite.java.spring.security5.UpgradeSpringSecurity_5_8","org.openrewrite.java.spring.boot2.HeadersConfigurerLambdaDsl","300","1"
"src/main/java/com/javatechie/crud/example/config/SecurityConfiguration.java","src/main/java/com/javatechie/crud/example/config/SecurityConfiguration.java","org.openrewrite.java.spring.security6.UpgradeSpringSecurity_6_0","org.openrewrite.java.spring.security5.UpgradeSpringSecurity_5_8","300","1"
"src/main/java/com/javatechie/crud/example/config/SecurityConfiguration.java","src/main/java/com/javatechie/crud/example/config/SecurityConfiguration.java","org.openrewrite.java.spring.boot3.UpgradeSpringBoot_3_0","org.openrewrite.java.spring.security6.UpgradeSpringSecurity_6_0","300","1"
"src/main/java/com/javatechie/crud/example/config/SecurityConfiguration.java","src/main/java/com/javatechie/crud/example/config/SecurityConfiguration.java","org.openrewrite.java.spring.boot3.UpgradeSpringBoot_3_1","org.openrewrite.java.spring.boot3.UpgradeSpringBoot_3_0","300","1"
"src/main/java/com/javatechie/crud/example/config/SecurityConfiguration.java","src/main/java/com/javatechie/crud/example/config/SecurityConfiguration.java","","org.openrewrite.java.spring.boot3.UpgradeSpringBoot_3_1","300","1"
"src/main/java/com/javatechie/crud/example/config/SecurityConfiguration.java","src/main/java/com/javatechie/crud/example/config/SecurityConfiguration.java","org.openrewrite.java.spring.security5.UpgradeSpringSecurity_5_8","org.openrewrite.java.spring.security5.AuthorizeHttpRequests","300","1"
"src/main/java/com/javatechie/crud/example/config/SecurityConfiguration.java","src/main/java/com/javatechie/crud/example/config/SecurityConfiguration.java","org.openrewrite.java.spring.security6.UpgradeSpringSecurity_6_0","org.openrewrite.java.spring.security5.UpgradeSpringSecurity_5_8","300","1"
"src/main/java/com/javatechie/crud/example/config/SecurityConfiguration.java","src/main/java/com/javatechie/crud/example/config/SecurityConfiguration.java","org.openrewrite.java.spring.boot3.UpgradeSpringBoot_3_0","org.openrewrite.java.spring.security6.UpgradeSpringSecurity_6_0","300","1"
"src/main/java/com/javatechie/crud/example/config/SecurityConfiguration.java","src/main/java/com/javatechie/crud/example/config/SecurityConfiguration.java","org.openrewrite.java.spring.boot3.UpgradeSpringBoot_3_1","org.openrewrite.java.spring.boot3.UpgradeSpringBoot_3_0","300","1"
"src/main/java/com/javatechie/crud/example/config/SecurityConfiguration.java","src/main/java/com/javatechie/crud/example/config/SecurityConfiguration.java","","org.openrewrite.java.spring.boot3.UpgradeSpringBoot_3_1","300","1"
"src/main/java/com/javatechie/crud/example/config/SecurityConfiguration.java","src/main/java/com/javatechie/crud/example/config/SecurityConfiguration.java","org.openrewrite.java.spring.security5.UpgradeSpringSecurity_5_8","org.openrewrite.java.spring.security5.UseNewRequestMatchers","300","1"
"src/main/java/com/javatechie/crud/example/config/SecurityConfiguration.java","src/main/java/com/javatechie/crud/example/config/SecurityConfiguration.java","org.openrewrite.java.spring.security6.UpgradeSpringSecurity_6_0","org.openrewrite.java.spring.security5.UpgradeSpringSecurity_5_8","300","1"
"src/main/java/com/javatechie/crud/example/config/SecurityConfiguration.java","src/main/java/com/javatechie/crud/example/config/SecurityConfiguration.java","org.openrewrite.java.spring.boot3.UpgradeSpringBoot_3_0","org.openrewrite.java.spring.security6.UpgradeSpringSecurity_6_0","300","1"
"src/main/java/com/javatechie/crud/example/config/SecurityConfiguration.java","src/main/java/com/javatechie/crud/example/config/SecurityConfiguration.java","org.openrewrite.java.spring.boot3.UpgradeSpringBoot_3_1","org.openrewrite.java.spring.boot3.UpgradeSpringBoot_3_0","300","1"
"src/main/java/com/javatechie/crud/example/config/SecurityConfiguration.java","src/main/java/com/javatechie/crud/example/config/SecurityConfiguration.java","","org.openrewrite.java.spring.boot3.UpgradeSpringBoot_3_1","300","1"
"src/main/java/com/javatechie/crud/example/config/SecurityConfiguration.java","src/main/java/com/javatechie/crud/example/config/SecurityConfiguration.java","org.openrewrite.java.spring.security5.UpgradeSpringSecurity_5_8","org.openrewrite.java.spring.security5.ReplaceGlobalMethodSecurityWithMethodSecurity","300","1"
"src/main/java/com/javatechie/crud/example/config/SecurityConfiguration.java","src/main/java/com/javatechie/crud/example/config/SecurityConfiguration.java","org.openrewrite.java.spring.security6.UpgradeSpringSecurity_6_0","org.openrewrite.java.spring.security5.UpgradeSpringSecurity_5_8","300","1"
"src/main/java/com/javatechie/crud/example/config/SecurityConfiguration.java","src/main/java/com/javatechie/crud/example/config/SecurityConfiguration.java","org.openrewrite.java.spring.boot3.UpgradeSpringBoot_3_0","org.openrewrite.java.spring.security6.UpgradeSpringSecurity_6_0","300","1"
"src/main/java/com/javatechie/crud/example/config/SecurityConfiguration.java","src/main/java/com/javatechie/crud/example/config/SecurityConfiguration.java","org.openrewrite.java.spring.boot3.UpgradeSpringBoot_3_1","org.openrewrite.java.spring.boot3.UpgradeSpringBoot_3_0","300","1"
"src/main/java/com/javatechie/crud/example/config/SecurityConfiguration.java","src/main/java/com/javatechie/crud/example/config/SecurityConfiguration.java","","org.openrewrite.java.spring.boot3.UpgradeSpringBoot_3_1","300","1"
"src/main/java/com/javatechie/crud/example/config/SecurityConfiguration.java","src/main/java/com/javatechie/crud/example/config/SecurityConfiguration.java","org.openrewrite.java.spring.security6.UpgradeSpringSecurity_6_2","org.openrewrite.java.spring.security6.ApplyToWithLambdaDsl","300","1"
"src/main/java/com/javatechie/crud/example/config/SecurityConfiguration.java","src/main/java/com/javatechie/crud/example/config/SecurityConfiguration.java","","org.openrewrite.java.spring.security6.UpgradeSpringSecurity_6_2","300","1"
"src/main/java/com/javatechie/crud/example/security/jwt/JWTUtil.java","src/main/java/com/javatechie/crud/example/security/jwt/JWTUtil.java","org.openrewrite.java.migrate.UpgradeBuildToJava11","org.openrewrite.java.migrate.UpgradeJavaVersion","0","1"
"src/main/java/com/javatechie/crud/example/security/jwt/JWTUtil.java","src/main/java/com/javatechie/crud/example/security/jwt/JWTUtil.java","org.openrewrite.java.migrate.Java8toJava11","org.openrewrite.java.migrate.UpgradeBuildToJava11","0","1"
"src/main/java/com/javatechie/crud/example/security/jwt/JWTUtil.java","src/main/java/com/javatechie/crud/example/security/jwt/JWTUtil.java","org.openrewrite.java.migrate.UpgradeToJava17","org.openrewrite.java.migrate.Java8toJava11","0","1"
"src/main/java/com/javatechie/crud/example/security/jwt/JWTUtil.java","src/main/java/com/javatechie/crud/example/security/jwt/JWTUtil.java","org.openrewrite.java.spring.boot3.UpgradeSpringBoot_3_0","org.openrewrite.java.migrate.UpgradeToJava17","0","1"
"src/main/java/com/javatechie/crud/example/security/jwt/JWTUtil.java","src/main/java/com/javatechie/crud/example/security/jwt/JWTUtil.java","org.openrewrite.java.spring.boot3.UpgradeSpringBoot_3_1","org.openrewrite.java.spring.boot3.UpgradeSpringBoot_3_0","0","1"
"src/main/java/com/javatechie/crud/example/security/jwt/JWTUtil.java","src/main/java/com/javatechie/crud/example/security/jwt/JWTUtil.java","","org.openrewrite.java.spring.boot3.UpgradeSpringBoot_3_1","0","1"
"src/main/java/com/javatechie/crud/example/security/jwt/JWTUtil.java","src/main/java/com/javatechie/crud/example/security/jwt/JWTUtil.java","org.openrewrite.java.migrate.UpgradeBuildToJava17","org.openrewrite.java.migrate.UpgradeJavaVersion","0","1"
"src/main/java/com/javatechie/crud/example/security/jwt/JWTUtil.java","src/main/java/com/javatechie/crud/example/security/jwt/JWTUtil.java","org.openrewrite.java.migrate.UpgradeToJava17","org.openrewrite.java.migrate.UpgradeBuildToJava17","0","1"
"src/main/java/com/javatechie/crud/example/security/jwt/JWTUtil.java","src/main/java/com/javatechie/crud/example/security/jwt/JWTUtil.java","org.openrewrite.java.spring.boot3.UpgradeSpringBoot_3_0","org.openrewrite.java.migrate.UpgradeToJava17","0","1"
"src/main/java/com/javatechie/crud/example/security/jwt/JWTUtil.java","src/main/java/com/javatechie/crud/example/security/jwt/JWTUtil.java","org.openrewrite.java.spring.boot3.UpgradeSpringBoot_3_1","org.openrewrite.java.spring.boot3.UpgradeSpringBoot_3_0","0","1"
"src/main/java/com/javatechie/crud/example/security/jwt/JWTUtil.java","src/main/java/com/javatechie/crud/example/security/jwt/JWTUtil.java","","org.openrewrite.java.spring.boot3.UpgradeSpringBoot_3_1","0","1"
"src/main/java/com/javatechie/crud/example/security/jwt/JWTConfigurer.java","src/main/java/com/javatechie/crud/example/security/jwt/JWTConfigurer.java","org.openrewrite.java.migrate.UpgradeBuildToJava11","org.openrewrite.java.migrate.UpgradeJavaVersion","0","1"
"src/main/java/com/javatechie/crud/example/security/jwt/JWTConfigurer.java","src/main/java/com/javatechie/crud/example/security/jwt/JWTConfigurer.java","org.openrewrite.java.migrate.Java8toJava11","org.openrewrite.java.migrate.UpgradeBuildToJava11","0","1"
"src/main/java/com/javatechie/crud/example/security/jwt/JWTConfigurer.java","src/main/java/com/javatechie/crud/example/security/jwt/JWTConfigurer.java","org.openrewrite.java.migrate.UpgradeToJava17","org.openrewrite.java.migrate.Java8toJava11","0","1"
"src/main/java/com/javatechie/crud/example/security/jwt/JWTConfigurer.java","src/main/java/com/javatechie/crud/example/security/jwt/JWTConfigurer.java","org.openrewrite.java.spring.boot3.UpgradeSpringBoot_3_0","org.openrewrite.java.migrate.UpgradeToJava17","0","1"
"src/main/java/com/javatechie/crud/example/security/jwt/JWTConfigurer.java","src/main/java/com/javatechie/crud/example/security/jwt/JWTConfigurer.java","org.openrewrite.java.spring.boot3.UpgradeSpringBoot_3_1","org.openrewrite.java.spring.boot3.UpgradeSpringBoot_3_0","0","1"
"src/main/java/com/javatechie/crud/example/security/jwt/JWTConfigurer.java","src/main/java/com/javatechie/crud/example/security/jwt/JWTConfigurer.java","","org.openrewrite.java.spring.boot3.UpgradeSpringBoot_3_1","0","1"
"src/main/java/com/javatechie/crud/example/security/jwt/JWTConfigurer.java","src/main/java/com/javatechie/crud/example/security/jwt/JWTConfigurer.java","org.openrewrite.java.migrate.UpgradeBuildToJava17","org.openrewrite.java.migrate.UpgradeJavaVersion","0","1"
"src/main/java/com/javatechie/crud/example/security/jwt/JWTConfigurer.java","src/main/java/com/javatechie/crud/example/security/jwt/JWTConfigurer.java","org.openrewrite.java.migrate.UpgradeToJava17","org.openrewrite.java.migrate.UpgradeBuildToJava17","0","1"
"src/main/java/com/javatechie/crud/example/security/jwt/JWTConfigurer.java","src/main/java/com/javatechie/crud/example/security/jwt/JWTConfigurer.java","org.openrewrite.java.spring.boot3.UpgradeSpringBoot_3_0","org.openrewrite.java.migrate.UpgradeToJava17","0","1"
"src/main/java/com/javatechie/crud/example/security/jwt/JWTConfigurer.java","src/main/java/com/javatechie/crud/example/security/jwt/JWTConfigurer.java","org.openrewrite.java.spring.boot3.UpgradeSpringBoot_3_1","org.openrewrite.java.spring.boot3.UpgradeSpringBoot_3_0","0","1"
"src/main/java/com/javatechie/crud/example/security/jwt/JWTConfigurer.java","src/main/java/com/javatechie/crud/example/security/jwt/JWTConfigurer.java","","org.openrewrite.java.spring.boot3.UpgradeSpringBoot_3_1","0","1"
"src/main/java/com/javatechie/crud/example/security/jwt/JWTFilter.java","src/main/java/com/javatechie/crud/example/security/jwt/JWTFilter.java","org.openrewrite.java.migrate.UpgradeBuildToJava11","org.openrewrite.java.migrate.UpgradeJavaVersion","0","1"
"src/main/java/com/javatechie/crud/example/security/jwt/JWTFilter.java","src/main/java/com/javatechie/crud/example/security/jwt/JWTFilter.java","org.openrewrite.java.migrate.Java8toJava11","org.openrewrite.java.migrate.UpgradeBuildToJava11","0","1"
"src/main/java/com/javatechie/crud/example/security/jwt/JWTFilter.java","src/main/java/com/javatechie/crud/example/security/jwt/JWTFilter.java","org.openrewrite.java.migrate.UpgradeToJava17","org.openrewrite.java.migrate.Java8toJava11","0","1"
"src/main/java/com/javatechie/crud/example/security/jwt/JWTFilter.java","src/main/java/com/javatechie/crud/example/security/jwt/JWTFilter.java","org.openrewrite.java.spring.boot3.UpgradeSpringBoot_3_0","org.openrewrite.java.migrate.UpgradeToJava17","0","1"
"src/main/java/com/javatechie/crud/example/security/jwt/JWTFilter.java","src/main/java/com/javatechie/crud/example/security/jwt/JWTFilter.java","org.openrewrite.java.spring.boot3.UpgradeSpringBoot_3_1","org.openrewrite.java.spring.boot3.UpgradeSpringBoot_3_0","0","1"
"src/main/java/com/javatechie/crud/example/security/jwt/JWTFilter.java","src/main/java/com/javatechie/crud/example/security/jwt/JWTFilter.java","","org.openrewrite.java.spring.boot3.UpgradeSpringBoot_3_1","0","1"
"src/main/java/com/javatechie/crud/example/security/jwt/JWTFilter.java","src/main/java/com/javatechie/crud/example/security/jwt/JWTFilter.java","org.openrewrite.java.migrate.UpgradeBuildToJava17","org.openrewrite.java.migrate.UpgradeJavaVersion","0","1"
"src/main/java/com/javatechie/crud/example/security/jwt/JWTFilter.java","src/main/java/com/javatechie/crud/example/security/jwt/JWTFilter.java","org.openrewrite.java.migrate.UpgradeToJava17","org.openrewrite.java.migrate.UpgradeBuildToJava17","0","1"
"src/main/java/com/javatechie/crud/example/security/jwt/JWTFilter.java","src/main/java/com/javatechie/crud/example/security/jwt/JWTFilter.java","org.openrewrite.java.spring.boot3.UpgradeSpringBoot_3_0","org.openrewrite.java.migrate.UpgradeToJava17","0","1"
"src/main/java/com/javatechie/crud/example/security/jwt/JWTFilter.java","src/main/java/com/javatechie/crud/example/security/jwt/JWTFilter.java","org.openrewrite.java.spring.boot3.UpgradeSpringBoot_3_1","org.openrewrite.java.spring.boot3.UpgradeSpringBoot_3_0","0","1"
"src/main/java/com/javatechie/crud/example/security/jwt/JWTFilter.java","src/main/java/com/javatechie/crud/example/security/jwt/JWTFilter.java","","org.openrewrite.java.spring.boot3.UpgradeSpringBoot_3_1","0","1"
"src/main/java/com/javatechie/crud/example/security/jwt/JWTFilter.java","src/main/java/com/javatechie/crud/example/security/jwt/JWTFilter.java","org.openrewrite.java.migrate.jakarta.JavaxServletToJakartaServlet","org.openrewrite.java.ChangePackage","300","1"
"src/main/java/com/javatechie/crud/example/security/jwt/JWTFilter.java","src/main/java/com/javatechie/crud/example/security/jwt/JWTFilter.java","org.openrewrite.java.migrate.jakarta.JavaxMigrationToJakarta","org.openrewrite.java.migrate.jakarta.JavaxServletToJakartaServlet","300","1"
"src/main/java/com/javatechie/crud/example/security/jwt/JWTFilter.java","src/main/java/com/javatechie/crud/example/security/jwt/JWTFilter.java","org.openrewrite.java.spring.boot3.UpgradeSpringBoot_3_0","org.openrewrite.java.migrate.jakarta.JavaxMigrationToJakarta","300","1"
"src/main/java/com/javatechie/crud/example/security/jwt/JWTFilter.java","src/main/java/com/javatechie/crud/example/security/jwt/JWTFilter.java","org.openrewrite.java.spring.boot3.UpgradeSpringBoot_3_1","org.openrewrite.java.spring.boot3.UpgradeSpringBoot_3_0","300","1"
"src/main/java/com/javatechie/crud/example/security/jwt/JWTFilter.java","src/main/java/com/javatechie/crud/example/security/jwt/JWTFilter.java","","org.openrewrite.java.spring.boot3.UpgradeSpringBoot_3_1","300","1"
"src/main/java/com/javatechie/crud/example/security/jwt/TokenProvider.java","src/main/java/com/javatechie/crud/example/security/jwt/TokenProvider.java","org.openrewrite.java.migrate.UpgradeBuildToJava11","org.openrewrite.java.migrate.UpgradeJavaVersion","0","1"
"src/main/java/com/javatechie/crud/example/security/jwt/TokenProvider.java","src/main/java/com/javatechie/crud/example/security/jwt/TokenProvider.java","org.openrewrite.java.migrate.Java8toJava11","org.openrewrite.java.migrate.UpgradeBuildToJava11","0","1"
"src/main/java/com/javatechie/crud/example/security/jwt/TokenProvider.java","src/main/java/com/javatechie/crud/example/security/jwt/TokenProvider.java","org.openrewrite.java.migrate.UpgradeToJava17","org.openrewrite.java.migrate.Java8toJava11","0","1"
"src/main/java/com/javatechie/crud/example/security/jwt/TokenProvider.java","src/main/java/com/javatechie/crud/example/security/jwt/TokenProvider.java","org.openrewrite.java.spring.boot3.UpgradeSpringBoot_3_0","org.openrewrite.java.migrate.UpgradeToJava17","0","1"
"src/main/java/com/javatechie/crud/example/security/jwt/TokenProvider.java","src/main/java/com/javatechie/crud/example/security/jwt/TokenProvider.java","org.openrewrite.java.spring.boot3.UpgradeSpringBoot_3_1","org.openrewrite.java.spring.boot3.UpgradeSpringBoot_3_0","0","1"
"src/main/java/com/javatechie/crud/example/security/jwt/TokenProvider.java","src/main/java/com/javatechie/crud/example/security/jwt/TokenProvider.java","","org.openrewrite.java.spring.boot3.UpgradeSpringBoot_3_1","0","1"
"src/main/java/com/javatechie/crud/example/security/jwt/TokenProvider.java","src/main/java/com/javatechie/crud/example/security/jwt/TokenProvider.java","org.openrewrite.java.migrate.UpgradeBuildToJava17","org.openrewrite.java.migrate.UpgradeJavaVersion","0","1"
"src/main/java/com/javatechie/crud/example/security/jwt/TokenProvider.java","src/main/java/com/javatechie/crud/example/security/jwt/TokenProvider.java","org.openrewrite.java.migrate.UpgradeToJava17","org.openrewrite.java.migrate.UpgradeBuildToJava17","0","1"
"src/main/java/com/javatechie/crud/example/security/jwt/TokenProvider.java","src/main/java/com/javatechie/crud/example/security/jwt/TokenProvider.java","org.openrewrite.java.spring.boot3.UpgradeSpringBoot_3_0","org.openrewrite.java.migrate.UpgradeToJava17","0","1"
"src/main/java/com/javatechie/crud/example/security/jwt/TokenProvider.java","src/main/java/com/javatechie/crud/example/security/jwt/TokenProvider.java","org.openrewrite.java.spring.boot3.UpgradeSpringBoot_3_1","org.openrewrite.java.spring.boot3.UpgradeSpringBoot_3_0","0","1"
"src/main/java/com/javatechie/crud/example/security/jwt/TokenProvider.java","src/main/java/com/javatechie/crud/example/security/jwt/TokenProvider.java","","org.openrewrite.java.spring.boot3.UpgradeSpringBoot_3_1","0","1"
"src/main/java/com/javatechie/crud/example/security/TTNSpringUserDetails.java","src/main/java/com/javatechie/crud/example/security/TTNSpringUserDetails.java","org.openrewrite.java.migrate.UpgradeBuildToJava11","org.openrewrite.java.migrate.UpgradeJavaVersion","0","1"
"src/main/java/com/javatechie/crud/example/security/TTNSpringUserDetails.java","src/main/java/com/javatechie/crud/example/security/TTNSpringUserDetails.java","org.openrewrite.java.migrate.Java8toJava11","org.openrewrite.java.migrate.UpgradeBuildToJava11","0","1"
"src/main/java/com/javatechie/crud/example/security/TTNSpringUserDetails.java","src/main/java/com/javatechie/crud/example/security/TTNSpringUserDetails.java","org.openrewrite.java.migrate.UpgradeToJava17","org.openrewrite.java.migrate.Java8toJava11","0","1"
"src/main/java/com/javatechie/crud/example/security/TTNSpringUserDetails.java","src/main/java/com/javatechie/crud/example/security/TTNSpringUserDetails.java","org.openrewrite.java.spring.boot3.UpgradeSpringBoot_3_0","org.openrewrite.java.migrate.UpgradeToJava17","0","1"
"src/main/java/com/javatechie/crud/example/security/TTNSpringUserDetails.java","src/main/java/com/javatechie/crud/example/security/TTNSpringUserDetails.java","org.openrewrite.java.spring.boot3.UpgradeSpringBoot_3_1","org.openrewrite.java.spring.boot3.UpgradeSpringBoot_3_0","0","1"
"src/main/java/com/javatechie/crud/example/security/TTNSpringUserDetails.java","src/main/java/com/javatechie/crud/example/security/TTNSpringUserDetails.java","","org.openrewrite.java.spring.boot3.UpgradeSpringBoot_3_1","0","1"
"src/main/java/com/javatechie/crud/example/security/TTNSpringUserDetails.java","src/main/java/com/javatechie/crud/example/security/TTNSpringUserDetails.java","org.openrewrite.java.migrate.UpgradeBuildToJava17","org.openrewrite.java.migrate.UpgradeJavaVersion","0","1"
"src/main/java/com/javatechie/crud/example/security/TTNSpringUserDetails.java","src/main/java/com/javatechie/crud/example/security/TTNSpringUserDetails.java","org.openrewrite.java.migrate.UpgradeToJava17","org.openrewrite.java.migrate.UpgradeBuildToJava17","0","1"
"src/main/java/com/javatechie/crud/example/security/TTNSpringUserDetails.java","src/main/java/com/javatechie/crud/example/security/TTNSpringUserDetails.java","org.openrewrite.java.spring.boot3.UpgradeSpringBoot_3_0","org.openrewrite.java.migrate.UpgradeToJava17","0","1"
"src/main/java/com/javatechie/crud/example/security/TTNSpringUserDetails.java","src/main/java/com/javatechie/crud/example/security/TTNSpringUserDetails.java","org.openrewrite.java.spring.boot3.UpgradeSpringBoot_3_1","org.openrewrite.java.spring.boot3.UpgradeSpringBoot_3_0","0","1"
"src/main/java/com/javatechie/crud/example/security/TTNSpringUserDetails.java","src/main/java/com/javatechie/crud/example/security/TTNSpringUserDetails.java","","org.openrewrite.java.spring.boot3.UpgradeSpringBoot_3_1","0","1"
"src/main/java/com/javatechie/crud/example/security/Http401UnauthorizedEntryPoint.java","src/main/java/com/javatechie/crud/example/security/Http401UnauthorizedEntryPoint.java","org.openrewrite.java.migrate.UpgradeBuildToJava11","org.openrewrite.java.migrate.UpgradeJavaVersion","0","1"
"src/main/java/com/javatechie/crud/example/security/Http401UnauthorizedEntryPoint.java","src/main/java/com/javatechie/crud/example/security/Http401UnauthorizedEntryPoint.java","org.openrewrite.java.migrate.Java8toJava11","org.openrewrite.java.migrate.UpgradeBuildToJava11","0","1"
"src/main/java/com/javatechie/crud/example/security/Http401UnauthorizedEntryPoint.java","src/main/java/com/javatechie/crud/example/security/Http401UnauthorizedEntryPoint.java","org.openrewrite.java.migrate.UpgradeToJava17","org.openrewrite.java.migrate.Java8toJava11","0","1"
"src/main/java/com/javatechie/crud/example/security/Http401UnauthorizedEntryPoint.java","src/main/java/com/javatechie/crud/example/security/Http401UnauthorizedEntryPoint.java","org.openrewrite.java.spring.boot3.UpgradeSpringBoot_3_0","org.openrewrite.java.migrate.UpgradeToJava17","0","1"
"src/main/java/com/javatechie/crud/example/security/Http401UnauthorizedEntryPoint.java","src/main/java/com/javatechie/crud/example/security/Http401UnauthorizedEntryPoint.java","org.openrewrite.java.spring.boot3.UpgradeSpringBoot_3_1","org.openrewrite.java.spring.boot3.UpgradeSpringBoot_3_0","0","1"
"src/main/java/com/javatechie/crud/example/security/Http401UnauthorizedEntryPoint.java","src/main/java/com/javatechie/crud/example/security/Http401UnauthorizedEntryPoint.java","","org.openrewrite.java.spring.boot3.UpgradeSpringBoot_3_1","0","1"
"src/main/java/com/javatechie/crud/example/security/Http401UnauthorizedEntryPoint.java","src/main/java/com/javatechie/crud/example/security/Http401UnauthorizedEntryPoint.java","org.openrewrite.java.migrate.UpgradeBuildToJava17","org.openrewrite.java.migrate.UpgradeJavaVersion","0","1"
"src/main/java/com/javatechie/crud/example/security/Http401UnauthorizedEntryPoint.java","src/main/java/com/javatechie/crud/example/security/Http401UnauthorizedEntryPoint.java","org.openrewrite.java.migrate.UpgradeToJava17","org.openrewrite.java.migrate.UpgradeBuildToJava17","0","1"
"src/main/java/com/javatechie/crud/example/security/Http401UnauthorizedEntryPoint.java","src/main/java/com/javatechie/crud/example/security/Http401UnauthorizedEntryPoint.java","org.openrewrite.java.spring.boot3.UpgradeSpringBoot_3_0","org.openrewrite.java.migrate.UpgradeToJava17","0","1"
"src/main/java/com/javatechie/crud/example/security/Http401UnauthorizedEntryPoint.java","src/main/java/com/javatechie/crud/example/security/Http401UnauthorizedEntryPoint.java","org.openrewrite.java.spring.boot3.UpgradeSpringBoot_3_1","org.openrewrite.java.spring.boot3.UpgradeSpringBoot_3_0","0","1"
"src/main/java/com/javatechie/crud/example/security/Http401UnauthorizedEntryPoint.java","src/main/java/com/javatechie/crud/example/security/Http401UnauthorizedEntryPoint.java","","org.openrewrite.java.spring.boot3.UpgradeSpringBoot_3_1","0","1"
"src/main/java/com/javatechie/crud/example/security/Http401UnauthorizedEntryPoint.java","src/main/java/com/javatechie/crud/example/security/Http401UnauthorizedEntryPoint.java","org.openrewrite.java.migrate.jakarta.JavaxServletToJakartaServlet","org.openrewrite.java.ChangePackage","300","1"
"src/main/java/com/javatechie/crud/example/security/Http401UnauthorizedEntryPoint.java","src/main/java/com/javatechie/crud/example/security/Http401UnauthorizedEntryPoint.java","org.openrewrite.java.migrate.jakarta.JavaxMigrationToJakarta","org.openrewrite.java.migrate.jakarta.JavaxServletToJakartaServlet","300","1"
"src/main/java/com/javatechie/crud/example/security/Http401UnauthorizedEntryPoint.java","src/main/java/com/javatechie/crud/example/security/Http401UnauthorizedEntryPoint.java","org.openrewrite.java.spring.boot3.UpgradeSpringBoot_3_0","org.openrewrite.java.migrate.jakarta.JavaxMigrationToJakarta","300","1"
"src/main/java/com/javatechie/crud/example/security/Http401UnauthorizedEntryPoint.java","src/main/java/com/javatechie/crud/example/security/Http401UnauthorizedEntryPoint.java","org.openrewrite.java.spring.boot3.UpgradeSpringBoot_3_1","org.openrewrite.java.spring.boot3.UpgradeSpringBoot_3_0","300","1"
"src/main/java/com/javatechie/crud/example/security/Http401UnauthorizedEntryPoint.java","src/main/java/com/javatechie/crud/example/security/Http401UnauthorizedEntryPoint.java","","org.openrewrite.java.spring.boot3.UpgradeSpringBoot_3_1","300","1"
"src/main/java/com/javatechie/crud/example/entity/Product.java","src/main/java/com/javatechie/crud/example/entity/Product.java","org.openrewrite.java.migrate.UpgradeBuildToJava11","org.openrewrite.java.migrate.UpgradeJavaVersion","0","1"
"src/main/java/com/javatechie/crud/example/entity/Product.java","src/main/java/com/javatechie/crud/example/entity/Product.java","org.openrewrite.java.migrate.Java8toJava11","org.openrewrite.java.migrate.UpgradeBuildToJava11","0","1"
"src/main/java/com/javatechie/crud/example/entity/Product.java","src/main/java/com/javatechie/crud/example/entity/Product.java","org.openrewrite.java.migrate.UpgradeToJava17","org.openrewrite.java.migrate.Java8toJava11","0","1"
"src/main/java/com/javatechie/crud/example/entity/Product.java","src/main/java/com/javatechie/crud/example/entity/Product.java","org.openrewrite.java.spring.boot3.UpgradeSpringBoot_3_0","org.openrewrite.java.migrate.UpgradeToJava17","0","1"
"src/main/java/com/javatechie/crud/example/entity/Product.java","src/main/java/com/javatechie/crud/example/entity/Product.java","org.openrewrite.java.spring.boot3.UpgradeSpringBoot_3_1","org.openrewrite.java.spring.boot3.UpgradeSpringBoot_3_0","0","1"
"src/main/java/com/javatechie/crud/example/entity/Product.java","src/main/java/com/javatechie/crud/example/entity/Product.java","","org.openrewrite.java.spring.boot3.UpgradeSpringBoot_3_1","0","1"
"src/main/java/com/javatechie/crud/example/entity/Product.java","src/main/java/com/javatechie/crud/example/entity/Product.java","org.openrewrite.java.migrate.UpgradeBuildToJava17","org.openrewrite.java.migrate.UpgradeJavaVersion","0","1"
"src/main/java/com/javatechie/crud/example/entity/Product.java","src/main/java/com/javatechie/crud/example/entity/Product.java","org.openrewrite.java.migrate.UpgradeToJava17","org.openrewrite.java.migrate.UpgradeBuildToJava17","0","1"
"src/main/java/com/javatechie/crud/example/entity/Product.java","src/main/java/com/javatechie/crud/example/entity/Product.java","org.openrewrite.java.spring.boot3.UpgradeSpringBoot_3_0","org.openrewrite.java.migrate.UpgradeToJava17","0","1"
"src/main/java/com/javatechie/crud/example/entity/Product.java","src/main/java/com/javatechie/crud/example/entity/Product.java","org.openrewrite.java.spring.boot3.UpgradeSpringBoot_3_1","org.openrewrite.java.spring.boot3.UpgradeSpringBoot_3_0","0","1"
"src/main/java/com/javatechie/crud/example/entity/Product.java","src/main/java/com/javatechie/crud/example/entity/Product.java","","org.openrewrite.java.spring.boot3.UpgradeSpringBoot_3_1","0","1"
"src/main/java/com/javatechie/crud/example/entity/Product.java","src/main/java/com/javatechie/crud/example/entity/Product.java","org.openrewrite.java.migrate.jakarta.JavaxPersistenceToJakartaPersistence","org.openrewrite.java.ChangePackage","300","1"
"src/main/java/com/javatechie/crud/example/entity/Product.java","src/main/java/com/javatechie/crud/example/entity/Product.java","org.openrewrite.java.migrate.jakarta.JavaxMigrationToJakarta","org.openrewrite.java.migrate.jakarta.JavaxPersistenceToJakartaPersistence","300","1"
"src/main/java/com/javatechie/crud/example/entity/Product.java","src/main/java/com/javatechie/crud/example/entity/Product.java","org.openrewrite.java.spring.boot3.UpgradeSpringBoot_3_0","org.openrewrite.java.migrate.jakarta.JavaxMigrationToJakarta","300","1"
"src/main/java/com/javatechie/crud/example/entity/Product.java","src/main/java/com/javatechie/crud/example/entity/Product.java","org.openrewrite.java.spring.boot3.UpgradeSpringBoot_3_1","org.openrewrite.java.spring.boot3.UpgradeSpringBoot_3_0","300","1"
"src/main/java/com/javatechie/crud/example/entity/Product.java","src/main/java/com/javatechie/crud/example/entity/Product.java","","org.openrewrite.java.spring.boot3.UpgradeSpringBoot_3_1","300","1"
"src/main/java/com/javatechie/crud/example/controller/ProductController.java","src/main/java/com/javatechie/crud/example/controller/ProductController.java","org.openrewrite.java.migrate.UpgradeBuildToJava11","org.openrewrite.java.migrate.UpgradeJavaVersion","0","1"
"src/main/java/com/javatechie/crud/example/controller/ProductController.java","src/main/java/com/javatechie/crud/example/controller/ProductController.java","org.openrewrite.java.migrate.Java8toJava11","org.openrewrite.java.migrate.UpgradeBuildToJava11","0","1"
"src/main/java/com/javatechie/crud/example/controller/ProductController.java","src/main/java/com/javatechie/crud/example/controller/ProductController.java","org.openrewrite.java.migrate.UpgradeToJava17","org.openrewrite.java.migrate.Java8toJava11","0","1"
"src/main/java/com/javatechie/crud/example/controller/ProductController.java","src/main/java/com/javatechie/crud/example/controller/ProductController.java","org.openrewrite.java.spring.boot3.UpgradeSpringBoot_3_0","org.openrewrite.java.migrate.UpgradeToJava17","0","1"
"src/main/java/com/javatechie/crud/example/controller/ProductController.java","src/main/java/com/javatechie/crud/example/controller/ProductController.java","org.openrewrite.java.spring.boot3.UpgradeSpringBoot_3_1","org.openrewrite.java.spring.boot3.UpgradeSpringBoot_3_0","0","1"
"src/main/java/com/javatechie/crud/example/controller/ProductController.java","src/main/java/com/javatechie/crud/example/controller/ProductController.java","","org.openrewrite.java.spring.boot3.UpgradeSpringBoot_3_1","0","1"
"src/main/java/com/javatechie/crud/example/controller/ProductController.java","src/main/java/com/javatechie/crud/example/controller/ProductController.java","org.openrewrite.java.migrate.UpgradeBuildToJava17","org.openrewrite.java.migrate.UpgradeJavaVersion","0","1"
"src/main/java/com/javatechie/crud/example/controller/ProductController.java","src/main/java/com/javatechie/crud/example/controller/ProductController.java","org.openrewrite.java.migrate.UpgradeToJava17","org.openrewrite.java.migrate.UpgradeBuildToJava17","0","1"
"src/main/java/com/javatechie/crud/example/controller/ProductController.java","src/main/java/com/javatechie/crud/example/controller/ProductController.java","org.openrewrite.java.spring.boot3.UpgradeSpringBoot_3_0","org.openrewrite.java.migrate.UpgradeToJava17","0","1"
"src/main/java/com/javatechie/crud/example/controller/ProductController.java","src/main/java/com/javatechie/crud/example/controller/ProductController.java","org.openrewrite.java.spring.boot3.UpgradeSpringBoot_3_1","org.openrewrite.java.spring.boot3.UpgradeSpringBoot_3_0","0","1"
"src/main/java/com/javatechie/crud/example/controller/ProductController.java","src/main/java/com/javatechie/crud/example/controller/ProductController.java","","org.openrewrite.java.spring.boot3.UpgradeSpringBoot_3_1","0","1"
"src/main/java/com/javatechie/crud/example/controller/AuthController.java","src/main/java/com/javatechie/crud/example/controller/AuthController.java","org.openrewrite.java.migrate.UpgradeBuildToJava11","org.openrewrite.java.migrate.UpgradeJavaVersion","0","1"
"src/main/java/com/javatechie/crud/example/controller/AuthController.java","src/main/java/com/javatechie/crud/example/controller/AuthController.java","org.openrewrite.java.migrate.Java8toJava11","org.openrewrite.java.migrate.UpgradeBuildToJava11","0","1"
"src/main/java/com/javatechie/crud/example/controller/AuthController.java","src/main/java/com/javatechie/crud/example/controller/AuthController.java","org.openrewrite.java.migrate.UpgradeToJava17","org.openrewrite.java.migrate.Java8toJava11","0","1"
"src/main/java/com/javatechie/crud/example/controller/AuthController.java","src/main/java/com/javatechie/crud/example/controller/AuthController.java","org.openrewrite.java.spring.boot3.UpgradeSpringBoot_3_0","org.openrewrite.java.migrate.UpgradeToJava17","0","1"
"src/main/java/com/javatechie/crud/example/controller/AuthController.java","src/main/java/com/javatechie/crud/example/controller/AuthController.java","org.openrewrite.java.spring.boot3.UpgradeSpringBoot_3_1","org.openrewrite.java.spring.boot3.UpgradeSpringBoot_3_0","0","1"
"src/main/java/com/javatechie/crud/example/controller/AuthController.java","src/main/java/com/javatechie/crud/example/controller/AuthController.java","","org.openrewrite.java.spring.boot3.UpgradeSpringBoot_3_1","0","1"
"src/main/java/com/javatechie/crud/example/controller/AuthController.java","src/main/java/com/javatechie/crud/example/controller/AuthController.java","org.openrewrite.java.migrate.UpgradeBuildToJava17","org.openrewrite.java.migrate.UpgradeJavaVersion","0","1"
"src/main/java/com/javatechie/crud/example/controller/AuthController.java","src/main/java/com/javatechie/crud/example/controller/AuthController.java","org.openrewrite.java.migrate.UpgradeToJava17","org.openrewrite.java.migrate.UpgradeBuildToJava17","0","1"
"src/main/java/com/javatechie/crud/example/controller/AuthController.java","src/main/java/com/javatechie/crud/example/controller/AuthController.java","org.openrewrite.java.spring.boot3.UpgradeSpringBoot_3_0","org.openrewrite.java.migrate.UpgradeToJava17","0","1"
"src/main/java/com/javatechie/crud/example/controller/AuthController.java","src/main/java/com/javatechie/crud/example/controller/AuthController.java","org.openrewrite.java.spring.boot3.UpgradeSpringBoot_3_1","org.openrewrite.java.spring.boot3.UpgradeSpringBoot_3_0","0","1"
"src/main/java/com/javatechie/crud/example/controller/AuthController.java","src/main/java/com/javatechie/crud/example/controller/AuthController.java","","org.openrewrite.java.spring.boot3.UpgradeSpringBoot_3_1","0","1"
"src/main/java/com/javatechie/crud/example/controller/AuthController.java","src/main/java/com/javatechie/crud/example/controller/AuthController.java","org.openrewrite.java.migrate.jakarta.JavaxServletToJakartaServlet","org.openrewrite.java.ChangePackage","300","1"
"src/main/java/com/javatechie/crud/example/controller/AuthController.java","src/main/java/com/javatechie/crud/example/controller/AuthController.java","org.openrewrite.java.migrate.jakarta.JavaxMigrationToJakarta","org.openrewrite.java.migrate.jakarta.JavaxServletToJakartaServlet","300","1"
"src/main/java/com/javatechie/crud/example/controller/AuthController.java","src/main/java/com/javatechie/crud/example/controller/AuthController.java","org.openrewrite.java.spring.boot3.UpgradeSpringBoot_3_0","org.openrewrite.java.migrate.jakarta.JavaxMigrationToJakarta","300","1"
"src/main/java/com/javatechie/crud/example/controller/AuthController.java","src/main/java/com/javatechie/crud/example/controller/AuthController.java","org.openrewrite.java.spring.boot3.UpgradeSpringBoot_3_1","org.openrewrite.java.spring.boot3.UpgradeSpringBoot_3_0","300","1"
"src/main/java/com/javatechie/crud/example/controller/AuthController.java","src/main/java/com/javatechie/crud/example/controller/AuthController.java","","org.openrewrite.java.spring.boot3.UpgradeSpringBoot_3_1","300","1"
"src/main/java/com/javatechie/crud/example/SpringBootCrudExample2Application.java","src/main/java/com/javatechie/crud/example/SpringBootCrudExample2Application.java","org.openrewrite.java.migrate.UpgradeBuildToJava11","org.openrewrite.java.migrate.UpgradeJavaVersion","0","1"
"src/main/java/com/javatechie/crud/example/SpringBootCrudExample2Application.java","src/main/java/com/javatechie/crud/example/SpringBootCrudExample2Application.java","org.openrewrite.java.migrate.Java8toJava11","org.openrewrite.java.migrate.UpgradeBuildToJava11","0","1"
"src/main/java/com/javatechie/crud/example/SpringBootCrudExample2Application.java","src/main/java/com/javatechie/crud/example/SpringBootCrudExample2Application.java","org.openrewrite.java.migrate.UpgradeToJava17","org.openrewrite.java.migrate.Java8toJava11","0","1"
"src/main/java/com/javatechie/crud/example/SpringBootCrudExample2Application.java","src/main/java/com/javatechie/crud/example/SpringBootCrudExample2Application.java","org.openrewrite.java.spring.boot3.UpgradeSpringBoot_3_0","org.openrewrite.java.migrate.UpgradeToJava17","0","1"
"src/main/java/com/javatechie/crud/example/SpringBootCrudExample2Application.java","src/main/java/com/javatechie/crud/example/SpringBootCrudExample2Application.java","org.openrewrite.java.spring.boot3.UpgradeSpringBoot_3_1","org.openrewrite.java.spring.boot3.UpgradeSpringBoot_3_0","0","1"
"src/main/java/com/javatechie/crud/example/SpringBootCrudExample2Application.java","src/main/java/com/javatechie/crud/example/SpringBootCrudExample2Application.java","","org.openrewrite.java.spring.boot3.UpgradeSpringBoot_3_1","0","1"
"src/main/java/com/javatechie/crud/example/SpringBootCrudExample2Application.java","src/main/java/com/javatechie/crud/example/SpringBootCrudExample2Application.java","org.openrewrite.java.migrate.UpgradeBuildToJava17","org.openrewrite.java.migrate.UpgradeJavaVersion","0","1"
"src/main/java/com/javatechie/crud/example/SpringBootCrudExample2Application.java","src/main/java/com/javatechie/crud/example/SpringBootCrudExample2Application.java","org.openrewrite.java.migrate.UpgradeToJava17","org.openrewrite.java.migrate.UpgradeBuildToJava17","0","1"
"src/main/java/com/javatechie/crud/example/SpringBootCrudExample2Application.java","src/main/java/com/javatechie/crud/example/SpringBootCrudExample2Application.java","org.openrewrite.java.spring.boot3.UpgradeSpringBoot_3_0","org.openrewrite.java.migrate.UpgradeToJava17","0","1"
"src/main/java/com/javatechie/crud/example/SpringBootCrudExample2Application.java","src/main/java/com/javatechie/crud/example/SpringBootCrudExample2Application.java","org.openrewrite.java.spring.boot3.UpgradeSpringBoot_3_1","org.openrewrite.java.spring.boot3.UpgradeSpringBoot_3_0","0","1"
"src/main/java/com/javatechie/crud/example/SpringBootCrudExample2Application.java","src/main/java/com/javatechie/crud/example/SpringBootCrudExample2Application.java","","org.openrewrite.java.spring.boot3.UpgradeSpringBoot_3_1","0","1"
"src/main/java/com/javatechie/crud/example/service/ProductService.java","src/main/java/com/javatechie/crud/example/service/ProductService.java","org.openrewrite.java.migrate.UpgradeBuildToJava11","org.openrewrite.java.migrate.UpgradeJavaVersion","0","1"
"src/main/java/com/javatechie/crud/example/service/ProductService.java","src/main/java/com/javatechie/crud/example/service/ProductService.java","org.openrewrite.java.migrate.Java8toJava11","org.openrewrite.java.migrate.UpgradeBuildToJava11","0","1"
"src/main/java/com/javatechie/crud/example/service/ProductService.java","src/main/java/com/javatechie/crud/example/service/ProductService.java","org.openrewrite.java.migrate.UpgradeToJava17","org.openrewrite.java.migrate.Java8toJava11","0","1"
"src/main/java/com/javatechie/crud/example/service/ProductService.java","src/main/java/com/javatechie/crud/example/service/ProductService.java","org.openrewrite.java.spring.boot3.UpgradeSpringBoot_3_0","org.openrewrite.java.migrate.UpgradeToJava17","0","1"
"src/main/java/com/javatechie/crud/example/service/ProductService.java","src/main/java/com/javatechie/crud/example/service/ProductService.java","org.openrewrite.java.spring.boot3.UpgradeSpringBoot_3_1","org.openrewrite.java.spring.boot3.UpgradeSpringBoot_3_0","0","1"
"src/main/java/com/javatechie/crud/example/service/ProductService.java","src/main/java/com/javatechie/crud/example/service/ProductService.java","","org.openrewrite.java.spring.boot3.UpgradeSpringBoot_3_1","0","1"
"src/main/java/com/javatechie/crud/example/service/ProductService.java","src/main/java/com/javatechie/crud/example/service/ProductService.java","org.openrewrite.java.migrate.UpgradeBuildToJava17","org.openrewrite.java.migrate.UpgradeJavaVersion","0","1"
"src/main/java/com/javatechie/crud/example/service/ProductService.java","src/main/java/com/javatechie/crud/example/service/ProductService.java","org.openrewrite.java.migrate.UpgradeToJava17","org.openrewrite.java.migrate.UpgradeBuildToJava17","0","1"
"src/main/java/com/javatechie/crud/example/service/ProductService.java","src/main/java/com/javatechie/crud/example/service/ProductService.java","org.openrewrite.java.spring.boot3.UpgradeSpringBoot_3_0","org.openrewrite.java.migrate.UpgradeToJava17","0","1"
"src/main/java/com/javatechie/crud/example/service/ProductService.java","src/main/java/com/javatechie/crud/example/service/ProductService.java","org.openrewrite.java.spring.boot3.UpgradeSpringBoot_3_1","org.openrewrite.java.spring.boot3.UpgradeSpringBoot_3_0","0","1"
"src/main/java/com/javatechie/crud/example/service/ProductService.java","src/main/java/com/javatechie/crud/example/service/ProductService.java","","org.openrewrite.java.spring.boot3.UpgradeSpringBoot_3_1","0","1"
"src/main/java/com/javatechie/crud/example/service/TTNUserDetailsService.java","src/main/java/com/javatechie/crud/example/service/TTNUserDetailsService.java","org.openrewrite.java.migrate.UpgradeBuildToJava11","org.openrewrite.java.migrate.UpgradeJavaVersion","0","1"
"src/main/java/com/javatechie/crud/example/service/TTNUserDetailsService.java","src/main/java/com/javatechie/crud/example/service/TTNUserDetailsService.java","org.openrewrite.java.migrate.Java8toJava11","org.openrewrite.java.migrate.UpgradeBuildToJava11","0","1"
"src/main/java/com/javatechie/crud/example/service/TTNUserDetailsService.java","src/main/java/com/javatechie/crud/example/service/TTNUserDetailsService.java","org.openrewrite.java.migrate.UpgradeToJava17","org.openrewrite.java.migrate.Java8toJava11","0","1"
"src/main/java/com/javatechie/crud/example/service/TTNUserDetailsService.java","src/main/java/com/javatechie/crud/example/service/TTNUserDetailsService.java","org.openrewrite.java.spring.boot3.UpgradeSpringBoot_3_0","org.openrewrite.java.migrate.UpgradeToJava17","0","1"
"src/main/java/com/javatechie/crud/example/service/TTNUserDetailsService.java","src/main/java/com/javatechie/crud/example/service/TTNUserDetailsService.java","org.openrewrite.java.spring.boot3.UpgradeSpringBoot_3_1","org.openrewrite.java.spring.boot3.UpgradeSpringBoot_3_0","0","1"
"src/main/java/com/javatechie/crud/example/service/TTNUserDetailsService.java","src/main/java/com/javatechie/crud/example/service/TTNUserDetailsService.java","","org.openrewrite.java.spring.boot3.UpgradeSpringBoot_3_1","0","1"
"src/main/java/com/javatechie/crud/example/service/TTNUserDetailsService.java","src/main/java/com/javatechie/crud/example/service/TTNUserDetailsService.java","org.openrewrite.java.migrate.UpgradeBuildToJava17","org.openrewrite.java.migrate.UpgradeJavaVersion","0","1"
"src/main/java/com/javatechie/crud/example/service/TTNUserDetailsService.java","src/main/java/com/javatechie/crud/example/service/TTNUserDetailsService.java","org.openrewrite.java.migrate.UpgradeToJava17","org.openrewrite.java.migrate.UpgradeBuildToJava17","0","1"
"src/main/java/com/javatechie/crud/example/service/TTNUserDetailsService.java","src/main/java/com/javatechie/crud/example/service/TTNUserDetailsService.java","org.openrewrite.java.spring.boot3.UpgradeSpringBoot_3_0","org.openrewrite.java.migrate.UpgradeToJava17","0","1"
"src/main/java/com/javatechie/crud/example/service/TTNUserDetailsService.java","src/main/java/com/javatechie/crud/example/service/TTNUserDetailsService.java","org.openrewrite.java.spring.boot3.UpgradeSpringBoot_3_1","org.openrewrite.java.spring.boot3.UpgradeSpringBoot_3_0","0","1"
"src/main/java/com/javatechie/crud/example/service/TTNUserDetailsService.java","src/main/java/com/javatechie/crud/example/service/TTNUserDetailsService.java","","org.openrewrite.java.spring.boot3.UpgradeSpringBoot_3_1","0","1"
"src/test/java/com/javatechie/crud/example/ProductControllerTest.java","src/test/java/com/javatechie/crud/example/ProductControllerTest.java","org.openrewrite.java.testing.mockito.Mockito1to3Migration","org.openrewrite.java.testing.mockito.CleanupMockitoImports","300","1"
"src/test/java/com/javatechie/crud/example/ProductControllerTest.java","src/test/java/com/javatechie/crud/example/ProductControllerTest.java","org.openrewrite.java.testing.mockito.Mockito1to4Migration","org.openrewrite.java.testing.mockito.Mockito1to3Migration","300","1"
"src/test/java/com/javatechie/crud/example/ProductControllerTest.java","src/test/java/com/javatechie/crud/example/ProductControllerTest.java","org.openrewrite.java.testing.junit5.UseMockitoExtension","org.openrewrite.java.testing.mockito.Mockito1to4Migration","300","1"
"src/test/java/com/javatechie/crud/example/ProductControllerTest.java","src/test/java/com/javatechie/crud/example/ProductControllerTest.java","org.openrewrite.java.testing.junit5.JUnit4to5Migration","org.openrewrite.java.testing.junit5.UseMockitoExtension","300","1"
"src/test/java/com/javatechie/crud/example/ProductControllerTest.java","src/test/java/com/javatechie/crud/example/ProductControllerTest.java","org.openrewrite.java.spring.boot2.SpringBoot2JUnit4to5Migration","org.openrewrite.java.testing.junit5.JUnit4to5Migration","300","1"
"src/test/java/com/javatechie/crud/example/ProductControllerTest.java","src/test/java/com/javatechie/crud/example/ProductControllerTest.java","org.openrewrite.java.spring.boot2.UpgradeSpringBoot_2_4","org.openrewrite.java.spring.boot2.SpringBoot2JUnit4to5Migration","300","1"
"src/test/java/com/javatechie/crud/example/ProductControllerTest.java","src/test/java/com/javatechie/crud/example/ProductControllerTest.java","org.openrewrite.java.spring.boot2.UpgradeSpringBoot_2_5","org.openrewrite.java.spring.boot2.UpgradeSpringBoot_2_4","300","1"
"src/test/java/com/javatechie/crud/example/ProductControllerTest.java","src/test/java/com/javatechie/crud/example/ProductControllerTest.java","org.openrewrite.java.spring.boot2.UpgradeSpringBoot_2_6","org.openrewrite.java.spring.boot2.UpgradeSpringBoot_2_5","300","1"
"src/test/java/com/javatechie/crud/example/ProductControllerTest.java","src/test/java/com/javatechie/crud/example/ProductControllerTest.java","org.openrewrite.java.spring.boot2.UpgradeSpringBoot_2_7","org.openrewrite.java.spring.boot2.UpgradeSpringBoot_2_6","300","1"
"src/test/java/com/javatechie/crud/example/ProductControllerTest.java","src/test/java/com/javatechie/crud/example/ProductControllerTest.java","org.openrewrite.java.spring.boot3.UpgradeSpringBoot_3_0","org.openrewrite.java.spring.boot2.UpgradeSpringBoot_2_7","300","1"
"src/test/java/com/javatechie/crud/example/ProductControllerTest.java","src/test/java/com/javatechie/crud/example/ProductControllerTest.java","org.openrewrite.java.spring.boot3.UpgradeSpringBoot_3_1","org.openrewrite.java.spring.boot3.UpgradeSpringBoot_3_0","300","1"
"src/test/java/com/javatechie/crud/example/ProductControllerTest.java","src/test/java/com/javatechie/crud/example/ProductControllerTest.java","","org.openrewrite.java.spring.boot3.UpgradeSpringBoot_3_1","300","1"
"src/test/java/com/javatechie/crud/example/ProductControllerTest.java","src/test/java/com/javatechie/crud/example/ProductControllerTest.java","org.openrewrite.java.migrate.UpgradeBuildToJava11","org.openrewrite.java.migrate.UpgradeJavaVersion","0","1"
"src/test/java/com/javatechie/crud/example/ProductControllerTest.java","src/test/java/com/javatechie/crud/example/ProductControllerTest.java","org.openrewrite.java.migrate.Java8toJava11","org.openrewrite.java.migrate.UpgradeBuildToJava11","0","1"
"src/test/java/com/javatechie/crud/example/ProductControllerTest.java","src/test/java/com/javatechie/crud/example/ProductControllerTest.java","org.openrewrite.java.migrate.UpgradeToJava17","org.openrewrite.java.migrate.Java8toJava11","0","1"
"src/test/java/com/javatechie/crud/example/ProductControllerTest.java","src/test/java/com/javatechie/crud/example/ProductControllerTest.java","org.openrewrite.java.spring.boot3.UpgradeSpringBoot_3_0","org.openrewrite.java.migrate.UpgradeToJava17","0","1"
"src/test/java/com/javatechie/crud/example/ProductControllerTest.java","src/test/java/com/javatechie/crud/example/ProductControllerTest.java","org.openrewrite.java.spring.boot3.UpgradeSpringBoot_3_1","org.openrewrite.java.spring.boot3.UpgradeSpringBoot_3_0","0","1"
"src/test/java/com/javatechie/crud/example/ProductControllerTest.java","src/test/java/com/javatechie/crud/example/ProductControllerTest.java","","org.openrewrite.java.spring.boot3.UpgradeSpringBoot_3_1","0","1"
"src/test/java/com/javatechie/crud/example/ProductControllerTest.java","src/test/java/com/javatechie/crud/example/ProductControllerTest.java","org.openrewrite.java.migrate.UpgradeBuildToJava17","org.openrewrite.java.migrate.UpgradeJavaVersion","0","1"
"src/test/java/com/javatechie/crud/example/ProductControllerTest.java","src/test/java/com/javatechie/crud/example/ProductControllerTest.java","org.openrewrite.java.migrate.UpgradeToJava17","org.openrewrite.java.migrate.UpgradeBuildToJava17","0","1"
"src/test/java/com/javatechie/crud/example/ProductControllerTest.java","src/test/java/com/javatechie/crud/example/ProductControllerTest.java","org.openrewrite.java.spring.boot3.UpgradeSpringBoot_3_0","org.openrewrite.java.migrate.UpgradeToJava17","0","1"
"src/test/java/com/javatechie/crud/example/ProductControllerTest.java","src/test/java/com/javatechie/crud/example/ProductControllerTest.java","org.openrewrite.java.spring.boot3.UpgradeSpringBoot_3_1","org.openrewrite.java.spring.boot3.UpgradeSpringBoot_3_0","0","1"
"src/test/java/com/javatechie/crud/example/ProductControllerTest.java","src/test/java/com/javatechie/crud/example/ProductControllerTest.java","","org.openrewrite.java.spring.boot3.UpgradeSpringBoot_3_1","0","1"
"src/test/java/com/javatechie/crud/example/SpringBootCrudExample2ApplicationTests.java","src/test/java/com/javatechie/crud/example/SpringBootCrudExample2ApplicationTests.java","org.openrewrite.java.migrate.UpgradeBuildToJava11","org.openrewrite.java.migrate.UpgradeJavaVersion","0","1"
"src/test/java/com/javatechie/crud/example/SpringBootCrudExample2ApplicationTests.java","src/test/java/com/javatechie/crud/example/SpringBootCrudExample2ApplicationTests.java","org.openrewrite.java.migrate.Java8toJava11","org.openrewrite.java.migrate.UpgradeBuildToJava11","0","1"
"src/test/java/com/javatechie/crud/example/SpringBootCrudExample2ApplicationTests.java","src/test/java/com/javatechie/crud/example/SpringBootCrudExample2ApplicationTests.java","org.openrewrite.java.migrate.UpgradeToJava17","org.openrewrite.java.migrate.Java8toJava11","0","1"
"src/test/java/com/javatechie/crud/example/SpringBootCrudExample2ApplicationTests.java","src/test/java/com/javatechie/crud/example/SpringBootCrudExample2ApplicationTests.java","org.openrewrite.java.spring.boot3.UpgradeSpringBoot_3_0","org.openrewrite.java.migrate.UpgradeToJava17","0","1"
"src/test/java/com/javatechie/crud/example/SpringBootCrudExample2ApplicationTests.java","src/test/java/com/javatechie/crud/example/SpringBootCrudExample2ApplicationTests.java","org.openrewrite.java.spring.boot3.UpgradeSpringBoot_3_1","org.openrewrite.java.spring.boot3.UpgradeSpringBoot_3_0","0","1"
"src/test/java/com/javatechie/crud/example/SpringBootCrudExample2ApplicationTests.java","src/test/java/com/javatechie/crud/example/SpringBootCrudExample2ApplicationTests.java","","org.openrewrite.java.spring.boot3.UpgradeSpringBoot_3_1","0","1"
"src/test/java/com/javatechie/crud/example/SpringBootCrudExample2ApplicationTests.java","src/test/java/com/javatechie/crud/example/SpringBootCrudExample2ApplicationTests.java","org.openrewrite.java.migrate.UpgradeBuildToJava17","org.openrewrite.java.migrate.UpgradeJavaVersion","0","1"
"src/test/java/com/javatechie/crud/example/SpringBootCrudExample2ApplicationTests.java","src/test/java/com/javatechie/crud/example/SpringBootCrudExample2ApplicationTests.java","org.openrewrite.java.migrate.UpgradeToJava17","org.openrewrite.java.migrate.UpgradeBuildToJava17","0","1"
"src/test/java/com/javatechie/crud/example/SpringBootCrudExample2ApplicationTests.java","src/test/java/com/javatechie/crud/example/SpringBootCrudExample2ApplicationTests.java","org.openrewrite.java.spring.boot3.UpgradeSpringBoot_3_0","org.openrewrite.java.migrate.UpgradeToJava17","0","1"
"src/test/java/com/javatechie/crud/example/SpringBootCrudExample2ApplicationTests.java","src/test/java/com/javatechie/crud/example/SpringBootCrudExample2ApplicationTests.java","org.openrewrite.java.spring.boot3.UpgradeSpringBoot_3_1","org.openrewrite.java.spring.boot3.UpgradeSpringBoot_3_0","0","1"
"src/test/java/com/javatechie/crud/example/SpringBootCrudExample2ApplicationTests.java","src/test/java/com/javatechie/crud/example/SpringBootCrudExample2ApplicationTests.java","","org.openrewrite.java.spring.boot3.UpgradeSpringBoot_3_1","0","1"
